Year,Jan,Feb,Mar,Apr,May,Jun,Jul,Aug,Sep,Oct,Nov,Dec
2017,11.7,11.9,19.4,14.3,24,19.1,11.2,25.4,39.5,19.1,26,6
2018,8.6,9.9,9,14.8,13,35.3,11.6,44.8,28.7,12.4,6.3,18.4
2019,4.7,6,10.4,15.7,8.6,33.8,47.8,49,28.1,26.7,4.3,10.8
2020,10.2,6.4,8.8,6.8,23.1,29,30,35.6,38.5,47.6,9.6,16.3
2021,14.4,8,9.1,24.1,13.2,16.5,29.6,32.9,41.2,42.9,12.8,5.5
2022,9.8,6.8,8.7,17.7,8.9,24.5,56,27.1,30.3,41,17.8,8.6
2023,6.1,1.3,4.1,10.4,14.6,17.9,3.6,32.1,42,14,7.5,9.5
2024,3.4,13.2,8.2,12.5,5.2,19.3,75.2,20.1,70.2,37.2,19.5,15.5
2025,6.7,5.4,5.6,6.8,6,23.2,27.5,32.9,41.9,21.7,4.8,8.2
